name,price,city,production_year,km_driven,engine_type,horsepower,transmission,link
Toyota Corolla  2021 Altis Grande X CVT-i 1.8 Black Interior,7100000,Faisalabad,2021,9333,Petrol,1800 ,Automatic,pakwheels.com/used-cars/toyota-corolla-2021-for-sale-in-faisalabad-9219162
Toyota Hilux  2019 Revo V Automatic 3.0 ,102000000,Peshawar,2019,85277,Diesel,2800 ,Automatic,pakwheels.com/used-cars/toyota-hilux-2019-for-sale-in-peshawar-9292126
Toyota Corolla Cross  2024 Smart Mid Grade,1000000,Peshawar,2024,979,Hybrid,1798 ,Automatic,pakwheels.com/used-cars/toyota-corolla-cross-2024-for-sale-in-peshawar-9214085
Toyota Aqua  2021 S,6700000,Peshawar,2021,36273,Hybrid,1500 ,Automatic,pakwheels.com/used-cars/toyota-aqua-2021-for-sale-in-peshawar-9231837
Toyota Aqua  2021 Z,81500000,Peshawar,2021,21122,Hybrid,1500 ,Automatic,pakwheels.com/used-cars/toyota-aqua-2021-for-sale-in-peshawar-9254218
Toyota Prado  2019 TX 2.7,24000000,Karachi,2019,41062,Petrol,2700 ,Automatic,pakwheels.com/used-cars/toyota-prado-2019-for-sale-in-karachi-9341175
Toyota Raize  2021 Z,69500000,Lahore,2021,23631,Petrol,1000 ,Automatic,pakwheels.com/used-cars/toyota-raize-2021-for-sale-in-lahore-9341109
Toyota Passo  2018 X L Package S ,3700000,Islamabad,2018,54911,Petrol,1000 ,Automatic,pakwheels.com/used-cars/toyota-passo-2018-for-sale-in-islamabad-9341208
Toyota Prado  2020 TX L Package 2.8 D,355000000,Lahore,2020,27980,Diesel,2800 ,Automatic,pakwheels.com/used-cars/toyota-prado-2020-for-sale-in-lahore-9340251
Toyota Aqua  2021 S,62500000,Rawalpindi,2021,33961,Hybrid,1500 ,Automatic,pakwheels.com/used-cars/toyota-aqua-2021-for-sale-in-rawalpindi-9227454
Toyota C-HR  2019 S-LED,8500000,Gujranwala,2019,57113,Hybrid,1800 ,Automatic,pakwheels.com/used-cars/toyota-c-hr-2019-for-sale-in-gujranwala-9333341
Toyota Yaris  2022 ATIV CVT 1.3,4700000,Karachi,2022,42702,Petrol,1300 ,Automatic,pakwheels.com/used-cars/toyota-yaris-2022-for-sale-in-karachi-9340281
Toyota Raize  2021 Z,6500000,Gujranwala,2021,17524,Petrol,1000 ,Automatic,pakwheels.com/used-cars/toyota-raize-2021-for-sale-in-gujranwala-9317134
Toyota Prado  2019 TX L Package 2.7,285000000,Karachi,2019,33404,Petrol,2700 ,Automatic,pakwheels.com/used-cars/toyota-prado-2019-for-sale-in-karachi-9337307
Toyota Fortuner  2021 2.7 V,14000000,Lahore,2021,27957,Petrol,2700 ,Automatic,pakwheels.com/used-cars/toyota-fortuner-2021-for-sale-in-lahore-9334233
Toyota Passo  2021 X L Package S ,4200000,Lahore,2021,10971,Petrol,1000 ,Automatic,pakwheels.com/used-cars/toyota-passo-2021-for-sale-in-lahore-9334219
Toyota Land Cruiser  2008 AX G Selection,185000000,Karachi,2008,149229,Petrol,4600 ,Automatic,pakwheels.com/used-cars/toyota-land-cruiser-2008-for-sale-in-karachi-9334847
Toyota Prius  2021 S,99500000,Lahore,2021,22721,Hybrid,1800 ,Automatic,pakwheels.com/used-cars/toyota-prius-2021-for-sale-in-lahore-8970588
Toyota C-HR  2018 G,79800000,Lahore,2018,58745,Hybrid,1800 ,Automatic,pakwheels.com/used-cars/toyota-c-hr-2018-for-sale-in-lahore-9001794
Toyota Prius  2023 1.8 U Hybrid,14000000,Lahore,2023,15698,Hybrid,1800 ,Automatic,pakwheels.com/used-cars/toyota-prius-2023-for-sale-in-lahore-9129410
Toyota Tundra  2019 5.7i,239000000,Karachi,2019,37603,Petrol,5700 ,Automatic,pakwheels.com/used-cars/toyota-tundra-2019-for-sale-in-karachi-8645158
Toyota Land Cruiser  2013 ZX,31000000,Karachi,2013,83133,Petrol,4600 ,Automatic,pakwheels.com/used-cars/toyota-land-cruiser-2013-for-sale-in-karachi-8716438
Toyota Land Cruiser  2017 ZX,436000000,Karachi,2017,35502,Petrol,4600 ,Automatic,pakwheels.com/used-cars/toyota-land-cruiser-2017-for-sale-in-karachi-9212072
Toyota Hilux  2022 Revo V Automatic 2.8,125000000,Karachi,2022,48804,Diesel,2800 ,Automatic,pakwheels.com/used-cars/toyota-hilux-2022-for-sale-in-karachi-9310915
Toyota Prado  2019 TX L Package 2.7,285000000,Islamabad,2019,123456,Petrol,2700 ,Automatic,pakwheels.com/used-cars/toyota-prado-2019-for-sale-in-islamabad-9187095
Toyota Corolla  2021 Altis Grande X CVT-i 1.8 Black Interior,7100000,Faisalabad,2021,9333,Petrol,1800 ,Automatic,pakwheels.com/used-cars/toyota-corolla-2021-for-sale-in-faisalabad-9219162
Toyota Land Cruiser  2008 AX G Selection,185000000,Karachi,2008,149229,Petrol,4600 ,Automatic,pakwheels.com/used-cars/toyota-land-cruiser-2008-for-sale-in-karachi-9334847
Toyota Hilux  2019 Revo V Automatic 3.0 ,102000000,Peshawar,2019,85277,Diesel,2800 ,Automatic,pakwheels.com/used-cars/toyota-hilux-2019-for-sale-in-peshawar-9292126
Toyota Corolla Cross  2024 Smart Mid Grade,1000000,Peshawar,2024,979,Hybrid,1798 ,Automatic,pakwheels.com/used-cars/toyota-corolla-cross-2024-for-sale-in-peshawar-9214085
Toyota Aqua  2021 S,6700000,Peshawar,2021,36273,Hybrid,1500 ,Automatic,pakwheels.com/used-cars/toyota-aqua-2021-for-sale-in-peshawar-9231837
Toyota Aqua  2021 Z,81500000,Peshawar,2021,21122,Hybrid,1500 ,Automatic,pakwheels.com/used-cars/toyota-aqua-2021-for-sale-in-peshawar-9254218
Toyota Prado  2019 TX 2.7,24000000,Karachi,2019,41062,Petrol,2700 ,Automatic,pakwheels.com/used-cars/toyota-prado-2019-for-sale-in-karachi-9341175
Toyota Raize  2021 Z,69500000,Lahore,2021,23631,Petrol,1000 ,Automatic,pakwheels.com/used-cars/toyota-raize-2021-for-sale-in-lahore-9341109
Toyota Passo  2018 X L Package S ,3700000,Islamabad,2018,54911,Petrol,1000 ,Automatic,pakwheels.com/used-cars/toyota-passo-2018-for-sale-in-islamabad-9341208
Toyota Prado  2020 TX L Package 2.8 D,355000000,Lahore,2020,27980,Diesel,2800 ,Automatic,pakwheels.com/used-cars/toyota-prado-2020-for-sale-in-lahore-9340251
Toyota Prius  2021 S,99500000,Lahore,2021,22721,Hybrid,1800 ,Automatic,pakwheels.com/used-cars/toyota-prius-2021-for-sale-in-lahore-8970588
Toyota C-HR  2018 G,79800000,Lahore,2018,58745,Hybrid,1800 ,Automatic,pakwheels.com/used-cars/toyota-c-hr-2018-for-sale-in-lahore-9001794
Toyota Prius  2023 1.8 U Hybrid,14000000,Lahore,2023,15698,Hybrid,1800 ,Automatic,pakwheels.com/used-cars/toyota-prius-2023-for-sale-in-lahore-9129410
Toyota Aqua  2021 S,62500000,Rawalpindi,2021,33961,Hybrid,1500 ,Automatic,pakwheels.com/used-cars/toyota-aqua-2021-for-sale-in-rawalpindi-9227454
Toyota C-HR  2019 S-LED,8500000,Gujranwala,2019,57113,Hybrid,1800 ,Automatic,pakwheels.com/used-cars/toyota-c-hr-2019-for-sale-in-gujranwala-9333341
Toyota Yaris  2022 ATIV CVT 1.3,4700000,Karachi,2022,42702,Petrol,1300 ,Automatic,pakwheels.com/used-cars/toyota-yaris-2022-for-sale-in-karachi-9340281
Toyota Raize  2021 Z,6500000,Gujranwala,2021,17524,Petrol,1000 ,Automatic,pakwheels.com/used-cars/toyota-raize-2021-for-sale-in-gujranwala-9317134
Toyota Tundra  2019 5.7i,239000000,Karachi,2019,37603,Petrol,5700 ,Automatic,pakwheels.com/used-cars/toyota-tundra-2019-for-sale-in-karachi-8645158
Toyota Land Cruiser  2013 ZX,31000000,Karachi,2013,83133,Petrol,4600 ,Automatic,pakwheels.com/used-cars/toyota-land-cruiser-2013-for-sale-in-karachi-8716438
Toyota Land Cruiser  2017 ZX,436000000,Karachi,2017,35502,Petrol,4600 ,Automatic,pakwheels.com/used-cars/toyota-land-cruiser-2017-for-sale-in-karachi-9212072
Toyota Hilux  2022 Revo V Automatic 2.8,125000000,Karachi,2022,48804,Diesel,2800 ,Automatic,pakwheels.com/used-cars/toyota-hilux-2022-for-sale-in-karachi-9310915
Toyota Prado  2019 TX L Package 2.7,285000000,Karachi,2019,33404,Petrol,2700 ,Automatic,pakwheels.com/used-cars/toyota-prado-2019-for-sale-in-karachi-9337307
Toyota Prado  2019 TX L Package 2.7,285000000,Islamabad,2019,123456,Petrol,2700 ,Automatic,pakwheels.com/used-cars/toyota-prado-2019-for-sale-in-islamabad-9187095
Toyota Fortuner  2021 2.7 V,14000000,Lahore,2021,27957,Petrol,2700 ,Automatic,pakwheels.com/used-cars/toyota-fortuner-2021-for-sale-in-lahore-9334233
Toyota Passo  2021 X L Package S ,4200000,Lahore,2021,10971,Petrol,1000 ,Automatic,pakwheels.com/used-cars/toyota-passo-2021-for-sale-in-lahore-9334219
name,price,city,production_year,km_driven,engine_type,horsepower,transmission,link
Toyota Aqua  2021 S,62500000,Rawalpindi,2021,33961,Hybrid,1500 ,Automatic,pakwheels.com/used-cars/toyota-aqua-2021-for-sale-in-rawalpindi-9227454
Toyota C-HR  2019 S-LED,8500000,Gujranwala,2019,57113,Hybrid,1800 ,Automatic,pakwheels.com/used-cars/toyota-c-hr-2019-for-sale-in-gujranwala-9333341
Toyota Yaris  2022 ATIV CVT 1.3,4700000,Karachi,2022,42702,Petrol,1300 ,Automatic,pakwheels.com/used-cars/toyota-yaris-2022-for-sale-in-karachi-9340281
Toyota Raize  2021 Z,6500000,Gujranwala,2021,17524,Petrol,1000 ,Automatic,pakwheels.com/used-cars/toyota-raize-2021-for-sale-in-gujranwala-9317134
Toyota Prado  2019 TX L Package 2.7,285000000,Karachi,2019,33404,Petrol,2700 ,Automatic,pakwheels.com/used-cars/toyota-prado-2019-for-sale-in-karachi-9337307
Toyota Fortuner  2021 2.7 V,14000000,Lahore,2021,27957,Petrol,2700 ,Automatic,pakwheels.com/used-cars/toyota-fortuner-2021-for-sale-in-lahore-9334233
Toyota Corolla  2019 Altis Automatic 1.6,5500000,Islamabad,2019,67485,Petrol,1600 ,Automatic,pakwheels.com/used-cars/toyota-corolla-2019-for-sale-in-islamabad-9332520
Toyota Yaris Hatchback  2021 G 1.0,4600000,Lahore,2021,51161,Petrol,996 ,Automatic,pakwheels.com/used-cars/toyota-yaris-hatchback-2021-for-sale-in-lahore-9329629
Toyota Corolla  2022 Altis X Automatic 1.6,5400000,Karachi,2022,21358,Petrol,1598 ,Automatic,pakwheels.com/used-cars/toyota-corolla-2022-for-sale-in-karachi-9280669
Toyota Prado  2021 TX L Package 2.7,399000000,Rawalpindi,2021,27936,Petrol,2700 ,Automatic,pakwheels.com/used-cars/toyota-prado-2021-for-sale-in-rawalpindi-9242810
Toyota Hilux  2021 Revo G Automatic 2.8,108000000,Karachi,2021,46019,Diesel,2800 ,Automatic,pakwheels.com/used-cars/toyota-hilux-2021-for-sale-in-karachi-9330005
Toyota Yaris  2024 ATIV CVT 1.3,53500000,Rawalpindi,2024,134,Petrol,1300 ,Automatic,pakwheels.com/used-cars/toyota-yaris-2024-for-sale-in-rawalpindi-9147535
Toyota Corolla Cross  2024 1.8 HEV X,1000000,Karachi,2024,12509,Hybrid,1800 ,Automatic,pakwheels.com/used-cars/toyota-corolla-cross-2024-for-sale-in-karachi-9325980
Toyota Yaris  2021 ATIV X CVT 1.5,4500000,Karachi,2021,16650,Petrol,1500 ,Automatic,pakwheels.com/used-cars/toyota-yaris-2021-for-sale-in-karachi-9325490
Toyota Yaris Hatchback  2022 G 1.0,5000000,Rawalpindi,2022,16018,Petrol,996 ,Automatic,pakwheels.com/used-cars/toyota-yaris-hatchback-2022-for-sale-in-rawalpindi-9170938
Toyota Passo  2021 Moda G,45500000,Karachi,2021,43434,Petrol,1000 ,Automatic,pakwheels.com/used-cars/toyota-passo-2021-for-sale-in-karachi-9305819
Toyota C-HR  2019 G Nero,827500000,Karachi,2019,114137,Hybrid,1800 ,Automatic,pakwheels.com/used-cars/toyota-c-hr-2019-for-sale-in-karachi-9324646
Toyota Corolla  2022 Altis 1.6 X CVT-i Special Edition,64500000,Faisalabad,2022,19921,Petrol,1600 ,Automatic,pakwheels.com/used-cars/toyota-corolla-2022-for-sale-in-faisalabad-9218756
Toyota Passo  2021 X L Package S ,399500000,Lahore,2021,27782,Petrol,1000 ,Automatic,pakwheels.com/used-cars/toyota-passo-2021-for-sale-in-lahore-9238801
Toyota Prado  2017 TX 2.7,23000000,Lahore,2017,23666,Petrol,2700 ,Automatic,pakwheels.com/used-cars/toyota-prado-2017-for-sale-in-lahore-9211520
Toyota Passo  2021 X,4000000,Gujranwala,2021,40698,Petrol,1000 ,Automatic,pakwheels.com/used-cars/toyota-passo-2021-for-sale-in-gujranwala-9302147
Toyota Fortuner  2021 2.8 Sigma 4,148000000,Faisalabad,2021,68614,Diesel,2800 ,Automatic,pakwheels.com/used-cars/toyota-fortuner-2021-for-sale-in-faisalabad-9321467
Toyota Prius  2023 1.8 U Hybrid,14000000,Lahore,2023,15698,Hybrid,1800 ,Automatic,pakwheels.com/used-cars/toyota-prius-2023-for-sale-in-lahore-9129410
Toyota Tundra  2019 5.7i,239000000,Karachi,2019,37603,Petrol,5700 ,Automatic,pakwheels.com/used-cars/toyota-tundra-2019-for-sale-in-karachi-8645158
Toyota Land Cruiser  2013 ZX,31000000,Karachi,2013,83133,Petrol,4600 ,Automatic,pakwheels.com/used-cars/toyota-land-cruiser-2013-for-sale-in-karachi-8716438
Toyota Land Cruiser  2017 ZX,436000000,Karachi,2017,35502,Petrol,4600 ,Automatic,pakwheels.com/used-cars/toyota-land-cruiser-2017-for-sale-in-karachi-9212072
Toyota Hilux  2022 Revo V Automatic 2.8,125000000,Karachi,2022,48804,Diesel,2800 ,Automatic,pakwheels.com/used-cars/toyota-hilux-2022-for-sale-in-karachi-9310915
Toyota Prado  2019 TX L Package 2.7,285000000,Islamabad,2019,123456,Petrol,2700 ,Automatic,pakwheels.com/used-cars/toyota-prado-2019-for-sale-in-islamabad-9187095
Toyota Yaris Hatchback  2020 ,4700000,Lahore,2020,18658,Petrol,1000 ,Automatic,pakwheels.com/used-cars/toyota-yaris-hatchback-2020-for-sale-in-lahore-8834899
Toyota Prado  2019 ,249000000,Islamabad,2019,35973,Petrol,2700 ,Automatic,pakwheels.com/used-cars/toyota-prado-2019-for-sale-in-islamabad-9214113
Toyota Corolla Hybrid  2020 ,Call,Islamabad,2020,38381,Hybrid,1800 ,Automatic,pakwheels.com/used-cars/toyota-corolla-hybrid-2020-for-sale-in-islamabad-8353492
Toyota Prius  2020 S,Call,Islamabad,2020,82283,Hybrid,1800 ,Automatic,pakwheels.com/used-cars/toyota-prius-2020-for-sale-in-islamabad-8505833
Toyota C-HR  2018 G-LED,Call,Islamabad,2018,39647,Hybrid,1800 ,Automatic,pakwheels.com/used-cars/toyota-c-hr-2018-for-sale-in-islamabad-8472565
Toyota Fortuner  2022 Legender ,176000000,Rawalpindi,2022,41710,Diesel,2800 ,Automatic,pakwheels.com/used-cars/toyota-fortuner-2022-for-sale-in-rawalpindi-9283278
Toyota Prius  2023 1.8 U Hybrid,14000000,Lahore,2023,15698,Hybrid,1800 ,Automatic,pakwheels.com/used-cars/toyota-prius-2023-for-sale-in-lahore-9129410
Toyota Aqua  2021 S,62500000,Rawalpindi,2021,33961,Hybrid,1500 ,Automatic,pakwheels.com/used-cars/toyota-aqua-2021-for-sale-in-rawalpindi-9227454
Toyota C-HR  2019 S-LED,8500000,Gujranwala,2019,57113,Hybrid,1800 ,Automatic,pakwheels.com/used-cars/toyota-c-hr-2019-for-sale-in-gujranwala-9333341
Toyota Yaris  2022 ATIV CVT 1.3,4700000,Karachi,2022,42702,Petrol,1300 ,Automatic,pakwheels.com/used-cars/toyota-yaris-2022-for-sale-in-karachi-9340281
Toyota Raize  2021 Z,6500000,Gujranwala,2021,17524,Petrol,1000 ,Automatic,pakwheels.com/used-cars/toyota-raize-2021-for-sale-in-gujranwala-9317134
Toyota Tundra  2019 5.7i,239000000,Karachi,2019,37603,Petrol,5700 ,Automatic,pakwheels.com/used-cars/toyota-tundra-2019-for-sale-in-karachi-8645158
Toyota Land Cruiser  2013 ZX,31000000,Karachi,2013,83133,Petrol,4600 ,Automatic,pakwheels.com/used-cars/toyota-land-cruiser-2013-for-sale-in-karachi-8716438
Toyota Land Cruiser  2017 ZX,436000000,Karachi,2017,35502,Petrol,4600 ,Automatic,pakwheels.com/used-cars/toyota-land-cruiser-2017-for-sale-in-karachi-9212072
Toyota Hilux  2022 Revo V Automatic 2.8,125000000,Karachi,2022,48804,Diesel,2800 ,Automatic,pakwheels.com/used-cars/toyota-hilux-2022-for-sale-in-karachi-9310915
Toyota Prado  2019 TX L Package 2.7,285000000,Karachi,2019,33404,Petrol,2700 ,Automatic,pakwheels.com/used-cars/toyota-prado-2019-for-sale-in-karachi-9337307
Toyota Prado  2019 TX L Package 2.7,285000000,Islamabad,2019,123456,Petrol,2700 ,Automatic,pakwheels.com/used-cars/toyota-prado-2019-for-sale-in-islamabad-9187095
Toyota Fortuner  2021 2.7 V,14000000,Lahore,2021,27957,Petrol,2700 ,Automatic,pakwheels.com/used-cars/toyota-fortuner-2021-for-sale-in-lahore-9334233
Toyota Corolla  2019 Altis Automatic 1.6,5500000,Islamabad,2019,67485,Petrol,1600 ,Automatic,pakwheels.com/used-cars/toyota-corolla-2019-for-sale-in-islamabad-9332520
Toyota Yaris Hatchback  2021 G 1.0,4600000,Lahore,2021,51161,Petrol,996 ,Automatic,pakwheels.com/used-cars/toyota-yaris-hatchback-2021-for-sale-in-lahore-9329629
Toyota Corolla  2022 Altis X Automatic 1.6,5400000,Karachi,2022,21358,Petrol,1598 ,Automatic,pakwheels.com/used-cars/toyota-corolla-2022-for-sale-in-karachi-9280669
Toyota Aqua  2020 S,68500000,Islamabad,2020,50060,Hybrid,1500 ,Automatic,pakwheels.com/used-cars/toyota-aqua-2020-for-sale-in-islamabad-9332607
Toyota Prado  2021 TX L Package 2.7,399000000,Rawalpindi,2021,27936,Petrol,2700 ,Automatic,pakwheels.com/used-cars/toyota-prado-2021-for-sale-in-rawalpindi-9242810
Toyota Corolla  2024 Altis X Automatic 1.6,65500000,Faisalabad,2024,16977,Petrol,1598 ,Automatic,pakwheels.com/used-cars/toyota-corolla-2024-for-sale-in-faisalabad-9262055
Toyota Yaris Hatchback  2020 ,4700000,Lahore,2020,18658,Petrol,1000 ,Automatic,pakwheels.com/used-cars/toyota-yaris-hatchback-2020-for-sale-in-lahore-8834899
Toyota Hilux  2021 Revo G Automatic 2.8,108000000,Karachi,2021,46019,Diesel,2800 ,Automatic,pakwheels.com/used-cars/toyota-hilux-2021-for-sale-in-karachi-9330005
Toyota Yaris  2024 ATIV CVT 1.3,53500000,Rawalpindi,2024,134,Petrol,1300 ,Automatic,pakwheels.com/used-cars/toyota-yaris-2024-for-sale-in-rawalpindi-9147535
Toyota Corolla Cross  2024 1.8 HEV X,1000000,Karachi,2024,12509,Hybrid,1800 ,Automatic,pakwheels.com/used-cars/toyota-corolla-cross-2024-for-sale-in-karachi-9325980
Toyota Yaris  2021 ATIV X CVT 1.5,4500000,Karachi,2021,16650,Petrol,1500 ,Automatic,pakwheels.com/used-cars/toyota-yaris-2021-for-sale-in-karachi-9325490
Toyota Prado  2019 ,249000000,Islamabad,2019,35973,Petrol,2700 ,Automatic,pakwheels.com/used-cars/toyota-prado-2019-for-sale-in-islamabad-9214113
Toyota Fortuner  2020 2.8 Sigma 4,152000000,Islamabad,2020,94000,Diesel,2800 ,Automatic,pakwheels.com/used-cars/toyota-fortuner-2020-for-sale-in-islamabad-7009478
Toyota Yaris Hatchback  2022 G 1.0,5000000,Rawalpindi,2022,16018,Petrol,996 ,Automatic,pakwheels.com/used-cars/toyota-yaris-hatchback-2022-for-sale-in-rawalpindi-9170938
Toyota Passo  2021 Moda G,45500000,Karachi,2021,43434,Petrol,1000 ,Automatic,pakwheels.com/used-cars/toyota-passo-2021-for-sale-in-karachi-9305819
Toyota C-HR  2019 G Nero,827500000,Karachi,2019,114137,Hybrid,1800 ,Automatic,pakwheels.com/used-cars/toyota-c-hr-2019-for-sale-in-karachi-9324646
Toyota Corolla Hybrid  2020 ,Call,Islamabad,2020,38381,Hybrid,1800 ,Automatic,pakwheels.com/used-cars/toyota-corolla-hybrid-2020-for-sale-in-islamabad-8353492
Toyota Prius  2020 S,Call,Islamabad,2020,82283,Hybrid,1800 ,Automatic,pakwheels.com/used-cars/toyota-prius-2020-for-sale-in-islamabad-8505833
Toyota C-HR  2018 G-LED,Call,Islamabad,2018,39647,Hybrid,1800 ,Automatic,pakwheels.com/used-cars/toyota-c-hr-2018-for-sale-in-islamabad-8472565
Toyota Fortuner  2022 Legender ,176000000,Rawalpindi,2022,41710,Diesel,2800 ,Automatic,pakwheels.com/used-cars/toyota-fortuner-2022-for-sale-in-rawalpindi-9283278
Toyota Corolla  2022 Altis 1.6 X CVT-i Special Edition,64500000,Faisalabad,2022,19921,Petrol,1600 ,Automatic,pakwheels.com/used-cars/toyota-corolla-2022-for-sale-in-faisalabad-9218756
Toyota Passo  2021 X L Package S ,399500000,Lahore,2021,27782,Petrol,1000 ,Automatic,pakwheels.com/used-cars/toyota-passo-2021-for-sale-in-lahore-9238801
Toyota Prado  2017 TX 2.7,23000000,Lahore,2017,23666,Petrol,2700 ,Automatic,pakwheels.com/used-cars/toyota-prado-2017-for-sale-in-lahore-9211520
Toyota Passo  2021 X,4000000,Gujranwala,2021,40698,Petrol,1000 ,Automatic,pakwheels.com/used-cars/toyota-passo-2021-for-sale-in-gujranwala-9302147
Toyota Fortuner  2021 2.8 Sigma 4,148000000,Faisalabad,2021,68614,Diesel,2800 ,Automatic,pakwheels.com/used-cars/toyota-fortuner-2021-for-sale-in-faisalabad-9321467
name,price,city,production_year,km_driven,engine_type,horsepower,transmission,link
Toyota Passo  2021 X L Package S ,4200000,Lahore,2021,10971,Petrol,1000 ,Automatic,pakwheels.com/used-cars/toyota-passo-2021-for-sale-in-lahore-9334219
Toyota Corolla  2019 Altis Automatic 1.6,5500000,Islamabad,2019,67485,Petrol,1600 ,Automatic,pakwheels.com/used-cars/toyota-corolla-2019-for-sale-in-islamabad-9332520
Toyota Yaris Hatchback  2021 G 1.0,4600000,Lahore,2021,51161,Petrol,996 ,Automatic,pakwheels.com/used-cars/toyota-yaris-hatchback-2021-for-sale-in-lahore-9329629
Toyota Corolla  2022 Altis X Automatic 1.6,5400000,Karachi,2022,21358,Petrol,1598 ,Automatic,pakwheels.com/used-cars/toyota-corolla-2022-for-sale-in-karachi-9280669
Toyota Prado  2021 TX L Package 2.7,399000000,Rawalpindi,2021,27936,Petrol,2700 ,Automatic,pakwheels.com/used-cars/toyota-prado-2021-for-sale-in-rawalpindi-9242810
Toyota Hilux  2021 Revo G Automatic 2.8,108000000,Karachi,2021,46019,Diesel,2800 ,Automatic,pakwheels.com/used-cars/toyota-hilux-2021-for-sale-in-karachi-9330005
Toyota Yaris  2024 ATIV CVT 1.3,53500000,Rawalpindi,2024,134,Petrol,1300 ,Automatic,pakwheels.com/used-cars/toyota-yaris-2024-for-sale-in-rawalpindi-9147535
Toyota Corolla Cross  2024 1.8 HEV X,1000000,Karachi,2024,12509,Hybrid,1800 ,Automatic,pakwheels.com/used-cars/toyota-corolla-cross-2024-for-sale-in-karachi-9325980
Toyota Yaris  2021 ATIV X CVT 1.5,4500000,Karachi,2021,16650,Petrol,1500 ,Automatic,pakwheels.com/used-cars/toyota-yaris-2021-for-sale-in-karachi-9325490
Toyota Yaris Hatchback  2022 G 1.0,5000000,Rawalpindi,2022,16018,Petrol,996 ,Automatic,pakwheels.com/used-cars/toyota-yaris-hatchback-2022-for-sale-in-rawalpindi-9170938
Toyota Fortuner  2018 2.8 Sigma 4,14000000,Islamabad,2018,95735,Diesel,2800 ,Automatic,pakwheels.com/used-cars/toyota-fortuner-2018-for-sale-in-islamabad-9170941
Toyota Crown  2017 Athlete S Package,225000000,Islamabad,2017,32203,Petrol,3500 ,Automatic,pakwheels.com/used-cars/toyota-crown-2017-for-sale-in-islamabad-9247391
Toyota Vitz  2020 ,4600000,Islamabad,2020,86358,Petrol,1000 ,Automatic,pakwheels.com/used-cars/toyota-vitz-2020-for-sale-in-islamabad-9247383
Toyota Prius  2023 1.8 U Hybrid,16000000,Islamabad,2023,14496,Hybrid,1800 ,Automatic,pakwheels.com/used-cars/toyota-prius-2023-for-sale-in-islamabad-9217629
Toyota Yaris  2023 ATIV CVT 1.3,5200000,Islamabad,2023,3273,Petrol,1300 ,Automatic,pakwheels.com/used-cars/toyota-yaris-2023-for-sale-in-islamabad-9233929
Toyota Corolla  2022 Altis X Automatic 1.6,6400000,Islamabad,2022,237,Petrol,1598 ,Automatic,pakwheels.com/used-cars/toyota-corolla-2022-for-sale-in-islamabad-9202901
Toyota Corolla  2021 Altis Grande X CVT-i 1.8 Black Interior,6500000,Islamabad,2021,45115,Petrol,1800 ,Automatic,pakwheels.com/used-cars/toyota-corolla-2021-for-sale-in-islamabad-9197938
Toyota Prius  2021 S Touring Selection,8800000,Karachi,2021,41037,Hybrid,1800 ,Automatic,pakwheels.com/used-cars/toyota-prius-2021-for-sale-in-karachi-9298330
Toyota Sienta  2018 G,63500000,Karachi,2018,111407,Petrol,1500 ,Automatic,pakwheels.com/used-cars/toyota-sienta-2018-for-sale-in-karachi-9166808
Toyota Fortuner  2022 Legender ,176000000,Faisalabad,2022,40391,Diesel,2800 ,Automatic,pakwheels.com/used-cars/toyota-fortuner-2022-for-sale-in-faisalabad-9181609
Toyota Fortuner  2020 2.8 Sigma 4,135000000,Lahore,2020,86955,Diesel,2800 ,Automatic,pakwheels.com/used-cars/toyota-fortuner-2020-for-sale-in-lahore-9195387
Toyota Fortuner  2022 Legender ,175000000,Lahore,2022,20599,Diesel,2800 ,Automatic,pakwheels.com/used-cars/toyota-fortuner-2022-for-sale-in-lahore-9153876
Toyota Yaris Hatchback  2021 X,5000000,Lahore,2021,15721,Petrol,1000 ,Automatic,pakwheels.com/used-cars/toyota-yaris-hatchback-2021-for-sale-in-lahore-9150592
Toyota Raize  2019 Z,63500000,Karachi,2019,38631,Petrol,1000 ,Automatic,pakwheels.com/used-cars/toyota-raize-2019-for-sale-in-karachi-9201778
Toyota C-HR  2017 G-LED,7500000,Karachi,2017,60554,Hybrid,1800 ,Automatic,pakwheels.com/used-cars/toyota-c-hr-2017-for-sale-in-karachi-9214058
Toyota Yaris  2023 AERO CVT 1.5,54900000,Lahore,2023,11192,Petrol,1500 ,Automatic,pakwheels.com/used-cars/toyota-yaris-2023-for-sale-in-lahore-9161108
Toyota Corolla  2019 XLi Automatic,4000000,Karachi,2019,48000,Petrol,1300 ,Automatic,pakwheels.com/used-cars/toyota-corolla-2019-for-sale-in-karachi-9157321
Toyota Hilux  2023 Revo V Automatic 2.8,166000000,Lahore,2023,22302,Diesel,2800 ,Automatic,pakwheels.com/used-cars/toyota-hilux-2023-for-sale-in-lahore-9178148
Toyota Prius  2021 S,115000000,Lahore,2021,24106,Hybrid,1800 ,Automatic,pakwheels.com/used-cars/toyota-prius-2021-for-sale-in-lahore-9274178
Toyota Raize  2020 Z,6600000,Karachi,2020,23256,Petrol,1000 ,Automatic,pakwheels.com/used-cars/toyota-raize-2020-for-sale-in-karachi-9154507
Toyota Yaris  2021 ATIV X CVT 1.5,4900000,Karachi,2021,13793,Petrol,1500 ,Automatic,pakwheels.com/used-cars/toyota-yaris-2021-for-sale-in-karachi-9171591
Toyota Yaris  2022 ATIV X CVT 1.5,54500000,Lahore,2022,17063,Petrol,1500 ,Automatic,pakwheels.com/used-cars/toyota-yaris-2022-for-sale-in-lahore-9112211
Toyota Yaris Hatchback  2020 G 1.0,4300000,Karachi,2020,63742,Petrol,996 ,Automatic,pakwheels.com/used-cars/toyota-yaris-hatchback-2020-for-sale-in-karachi-9181645
Toyota Crown  2023 RS Crossover,475000000,Lahore,2023,3230,Hybrid,2400 ,Automatic,pakwheels.com/used-cars/toyota-crown-2023-for-sale-in-lahore-9153435
Toyota Yaris  2023 ATIV X CVT 1.5,5700000,Karachi,2023,16558,Petrol,1500 ,Automatic,pakwheels.com/used-cars/toyota-yaris-2023-for-sale-in-karachi-9147093
Toyota Yaris Hatchback  2020 ,4700000,Lahore,2020,18658,Petrol,1000 ,Automatic,pakwheels.com/used-cars/toyota-yaris-hatchback-2020-for-sale-in-lahore-8834899
Toyota Prado  2019 ,249000000,Islamabad,2019,35973,Petrol,2700 ,Automatic,pakwheels.com/used-cars/toyota-prado-2019-for-sale-in-islamabad-9214113
Toyota Passo  2021 X L Package S ,4200000,Lahore,2021,10971,Petrol,1000 ,Automatic,pakwheels.com/used-cars/toyota-passo-2021-for-sale-in-lahore-9334219
Toyota Corolla  2019 Altis Automatic 1.6,5500000,Islamabad,2019,67485,Petrol,1600 ,Automatic,pakwheels.com/used-cars/toyota-corolla-2019-for-sale-in-islamabad-9332520
Toyota Yaris Hatchback  2021 G 1.0,4600000,Lahore,2021,51161,Petrol,996 ,Automatic,pakwheels.com/used-cars/toyota-yaris-hatchback-2021-for-sale-in-lahore-9329629
Toyota Corolla  2022 Altis X Automatic 1.6,5400000,Karachi,2022,21358,Petrol,1598 ,Automatic,pakwheels.com/used-cars/toyota-corolla-2022-for-sale-in-karachi-9280669
Toyota Prado  2021 TX L Package 2.7,399000000,Rawalpindi,2021,27936,Petrol,2700 ,Automatic,pakwheels.com/used-cars/toyota-prado-2021-for-sale-in-rawalpindi-9242810
Toyota Yaris Hatchback  2020 ,4700000,Lahore,2020,18658,Petrol,1000 ,Automatic,pakwheels.com/used-cars/toyota-yaris-hatchback-2020-for-sale-in-lahore-8834899
Toyota Hilux  2021 Revo G Automatic 2.8,108000000,Karachi,2021,46019,Diesel,2800 ,Automatic,pakwheels.com/used-cars/toyota-hilux-2021-for-sale-in-karachi-9330005
Toyota Yaris  2024 ATIV CVT 1.3,53500000,Rawalpindi,2024,134,Petrol,1300 ,Automatic,pakwheels.com/used-cars/toyota-yaris-2024-for-sale-in-rawalpindi-9147535
Toyota Corolla Cross  2024 1.8 HEV X,1000000,Karachi,2024,12509,Hybrid,1800 ,Automatic,pakwheels.com/used-cars/toyota-corolla-cross-2024-for-sale-in-karachi-9325980
Toyota Yaris  2021 ATIV X CVT 1.5,4500000,Karachi,2021,16650,Petrol,1500 ,Automatic,pakwheels.com/used-cars/toyota-yaris-2021-for-sale-in-karachi-9325490
Toyota Prado  2019 ,249000000,Islamabad,2019,35973,Petrol,2700 ,Automatic,pakwheels.com/used-cars/toyota-prado-2019-for-sale-in-islamabad-9214113
Toyota Yaris Hatchback  2022 G 1.0,5000000,Rawalpindi,2022,16018,Petrol,996 ,Automatic,pakwheels.com/used-cars/toyota-yaris-hatchback-2022-for-sale-in-rawalpindi-9170938
Toyota Fortuner  2018 2.8 Sigma 4,14000000,Islamabad,2018,95735,Diesel,2800 ,Automatic,pakwheels.com/used-cars/toyota-fortuner-2018-for-sale-in-islamabad-9170941
Toyota Crown  2017 Athlete S Package,225000000,Islamabad,2017,32203,Petrol,3500 ,Automatic,pakwheels.com/used-cars/toyota-crown-2017-for-sale-in-islamabad-9247391
Toyota Vitz  2020 ,4600000,Islamabad,2020,86358,Petrol,1000 ,Automatic,pakwheels.com/used-cars/toyota-vitz-2020-for-sale-in-islamabad-9247383
Toyota Prius  2023 1.8 U Hybrid,16000000,Islamabad,2023,14496,Hybrid,1800 ,Automatic,pakwheels.com/used-cars/toyota-prius-2023-for-sale-in-islamabad-9217629
Toyota Yaris  2023 ATIV CVT 1.3,5200000,Islamabad,2023,3273,Petrol,1300 ,Automatic,pakwheels.com/used-cars/toyota-yaris-2023-for-sale-in-islamabad-9233929
Toyota Corolla  2022 Altis X Automatic 1.6,6400000,Islamabad,2022,237,Petrol,1598 ,Automatic,pakwheels.com/used-cars/toyota-corolla-2022-for-sale-in-islamabad-9202901
Toyota Corolla  2021 Altis Grande X CVT-i 1.8 Black Interior,6500000,Islamabad,2021,45115,Petrol,1800 ,Automatic,pakwheels.com/used-cars/toyota-corolla-2021-for-sale-in-islamabad-9197938
Toyota Prius  2021 S Touring Selection,8800000,Karachi,2021,41037,Hybrid,1800 ,Automatic,pakwheels.com/used-cars/toyota-prius-2021-for-sale-in-karachi-9298330
Toyota Sienta  2018 G,63500000,Karachi,2018,111407,Petrol,1500 ,Automatic,pakwheels.com/used-cars/toyota-sienta-2018-for-sale-in-karachi-9166808
Toyota Fortuner  2022 Legender ,176000000,Faisalabad,2022,40391,Diesel,2800 ,Automatic,pakwheels.com/used-cars/toyota-fortuner-2022-for-sale-in-faisalabad-9181609
Toyota Fortuner  2020 2.8 Sigma 4,135000000,Lahore,2020,86955,Diesel,2800 ,Automatic,pakwheels.com/used-cars/toyota-fortuner-2020-for-sale-in-lahore-9195387
Toyota Fortuner  2022 Legender ,175000000,Lahore,2022,20599,Diesel,2800 ,Automatic,pakwheels.com/used-cars/toyota-fortuner-2022-for-sale-in-lahore-9153876
Toyota Yaris Hatchback  2021 X,5000000,Lahore,2021,15721,Petrol,1000 ,Automatic,pakwheels.com/used-cars/toyota-yaris-hatchback-2021-for-sale-in-lahore-9150592
Toyota Raize  2019 Z,63500000,Karachi,2019,38631,Petrol,1000 ,Automatic,pakwheels.com/used-cars/toyota-raize-2019-for-sale-in-karachi-9201778
Toyota C-HR  2017 G-LED,7500000,Karachi,2017,60554,Hybrid,1800 ,Automatic,pakwheels.com/used-cars/toyota-c-hr-2017-for-sale-in-karachi-9214058
Toyota Yaris  2023 AERO CVT 1.5,54900000,Lahore,2023,11192,Petrol,1500 ,Automatic,pakwheels.com/used-cars/toyota-yaris-2023-for-sale-in-lahore-9161108
Toyota Corolla  2019 XLi Automatic,4000000,Karachi,2019,48000,Petrol,1300 ,Automatic,pakwheels.com/used-cars/toyota-corolla-2019-for-sale-in-karachi-9157321
Toyota Hilux  2023 Revo V Automatic 2.8,166000000,Lahore,2023,22302,Diesel,2800 ,Automatic,pakwheels.com/used-cars/toyota-hilux-2023-for-sale-in-lahore-9178148
Toyota Prius  2021 S,115000000,Lahore,2021,24106,Hybrid,1800 ,Automatic,pakwheels.com/used-cars/toyota-prius-2021-for-sale-in-lahore-9274178
Toyota Raize  2020 Z,6600000,Karachi,2020,23256,Petrol,1000 ,Automatic,pakwheels.com/used-cars/toyota-raize-2020-for-sale-in-karachi-9154507
Toyota Yaris  2021 ATIV X CVT 1.5,4900000,Karachi,2021,13793,Petrol,1500 ,Automatic,pakwheels.com/used-cars/toyota-yaris-2021-for-sale-in-karachi-9171591
Toyota Yaris  2022 ATIV X CVT 1.5,54500000,Lahore,2022,17063,Petrol,1500 ,Automatic,pakwheels.com/used-cars/toyota-yaris-2022-for-sale-in-lahore-9112211
Toyota Yaris Hatchback  2020 G 1.0,4300000,Karachi,2020,63742,Petrol,996 ,Automatic,pakwheels.com/used-cars/toyota-yaris-hatchback-2020-for-sale-in-karachi-9181645
Toyota Crown  2023 RS Crossover,475000000,Lahore,2023,3230,Hybrid,2400 ,Automatic,pakwheels.com/used-cars/toyota-crown-2023-for-sale-in-lahore-9153435
Toyota Yaris  2023 ATIV X CVT 1.5,5700000,Karachi,2023,16558,Petrol,1500 ,Automatic,pakwheels.com/used-cars/toyota-yaris-2023-for-sale-in-karachi-9147093
name,price,city,production_year,km_driven,engine_type,horsepower,transmission,link
Toyota Passo  2021 Moda G,45500000,Karachi,2021,43434,Petrol,1000 ,Automatic,pakwheels.com/used-cars/toyota-passo-2021-for-sale-in-karachi-9305819
Toyota C-HR  2019 G Nero,827500000,Karachi,2019,114137,Hybrid,1800 ,Automatic,pakwheels.com/used-cars/toyota-c-hr-2019-for-sale-in-karachi-9324646
Toyota Corolla  2022 Altis 1.6 X CVT-i Special Edition,64500000,Faisalabad,2022,19921,Petrol,1600 ,Automatic,pakwheels.com/used-cars/toyota-corolla-2022-for-sale-in-faisalabad-9218756
Toyota Passo  2021 X L Package S ,399500000,Lahore,2021,27782,Petrol,1000 ,Automatic,pakwheels.com/used-cars/toyota-passo-2021-for-sale-in-lahore-9238801
Toyota Prado  2017 TX 2.7,23000000,Lahore,2017,23666,Petrol,2700 ,Automatic,pakwheels.com/used-cars/toyota-prado-2017-for-sale-in-lahore-9211520
Toyota Passo  2021 X,4000000,Gujranwala,2021,40698,Petrol,1000 ,Automatic,pakwheels.com/used-cars/toyota-passo-2021-for-sale-in-gujranwala-9302147
Toyota Fortuner  2021 2.8 Sigma 4,148000000,Faisalabad,2021,68614,Diesel,2800 ,Automatic,pakwheels.com/used-cars/toyota-fortuner-2021-for-sale-in-faisalabad-9321467
Toyota Fortuner  2018 2.8 Sigma 4,14000000,Islamabad,2018,95735,Diesel,2800 ,Automatic,pakwheels.com/used-cars/toyota-fortuner-2018-for-sale-in-islamabad-9170941
Toyota Yaris Hatchback  2020 G 1.0,56500000,Karachi,2020,32816,Petrol,996 ,Automatic,pakwheels.com/used-cars/toyota-yaris-hatchback-2020-for-sale-in-karachi-9120376
Toyota Prius  2020 PHV (Plug In Hybrid),13000000,Gujranwala,2020,12603,Hybrid,1800 ,Automatic,pakwheels.com/used-cars/toyota-prius-2020-for-sale-in-gujranwala-9280111
Toyota Corolla  2021 Altis X Automatic 1.6,57800000,Karachi,2021,42392,Petrol,1598 ,Automatic,pakwheels.com/used-cars/toyota-corolla-2021-for-sale-in-karachi-9315193
Toyota Prado  2021 TX L Package 2.7,377000000,Karachi,2021,19970,Petrol,2700 ,Automatic,pakwheels.com/used-cars/toyota-prado-2021-for-sale-in-karachi-9315121
Toyota Yaris  2021 ATIV X CVT 1.5,4700000,Karachi,2021,48342,Petrol,1500 ,Automatic,pakwheels.com/used-cars/toyota-yaris-2021-for-sale-in-karachi-9315106
Toyota Raize  2019 ,5500000,Lahore,2019,59231,Petrol,1000 ,Automatic,pakwheels.com/used-cars/toyota-raize-2019-for-sale-in-lahore-9282836
Toyota Crown  2022 RS Advance,415000000,Islamabad,2022,7197,Hybrid,2500 ,Automatic,pakwheels.com/used-cars/toyota-crown-2022-for-sale-in-islamabad-9118641
Toyota Passo  2015 X L Package,3000000,Karachi,2015,59122,Petrol,1000 ,Automatic,pakwheels.com/used-cars/toyota-passo-2015-for-sale-in-karachi-9292111
Toyota Land Cruiser  2012 ZX,3000000,Lahore,2012,51373,Petrol,4600 ,Automatic,pakwheels.com/used-cars/toyota-land-cruiser-2012-for-sale-in-lahore-9238730
Toyota Corolla  2022 Altis X Automatic 1.6 Special Edition,6400000,Lahore,2022,36824,Petrol,1598 ,Automatic,pakwheels.com/used-cars/toyota-corolla-2022-for-sale-in-lahore-9274477
Toyota Yaris Hatchback  2022 G 1.0,4400000,Lahore,2022,90690,Petrol,996 ,Automatic,pakwheels.com/used-cars/toyota-yaris-hatchback-2022-for-sale-in-lahore-9255020
Toyota C-HR  2019 G-LED,8400000,Gujranwala,2019,49546,Hybrid,1800 ,Automatic,pakwheels.com/used-cars/toyota-c-hr-2019-for-sale-in-gujranwala-9223104
Toyota Prado  2021 TX Limited 2.7,375000000,Islamabad,2021,47576,Petrol,2700 ,Automatic,pakwheels.com/used-cars/toyota-prado-2021-for-sale-in-islamabad-9242360
Toyota Passo  2023 X,4300000,Lahore,2023,4596,Petrol,1000 ,Automatic,pakwheels.com/used-cars/toyota-passo-2023-for-sale-in-lahore-9302421
Toyota Corolla  2022 Altis Grande X CVT-i 1.8 Beige Interior,6500000,Karachi,2022,25996,Petrol,1800 ,Automatic,pakwheels.com/used-cars/toyota-corolla-2022-for-sale-in-karachi-9302434
Toyota Raize  2020 Z,6200000,Karachi,2020,19864,Petrol,1000 ,Automatic,pakwheels.com/used-cars/toyota-raize-2020-for-sale-in-karachi-9295535
Toyota Corolla  2017 GLi Automatic 1.3 VVTi,4300000,Karachi,2017,25296,Petrol,1300 ,Automatic,pakwheels.com/used-cars/toyota-corolla-2017-for-sale-in-karachi-9295801
Toyota Corolla Cross  2024 1.8 HEV X,106000000,Islamabad,2024,6550,Hybrid,1800 ,Automatic,pakwheels.com/used-cars/toyota-corolla-cross-2024-for-sale-in-islamabad-9291371
Toyota Corolla Hybrid  2020 ,Call,Islamabad,2020,38381,Hybrid,1800 ,Automatic,pakwheels.com/used-cars/toyota-corolla-hybrid-2020-for-sale-in-islamabad-8353492
Toyota Prius  2020 S,Call,Islamabad,2020,82283,Hybrid,1800 ,Automatic,pakwheels.com/used-cars/toyota-prius-2020-for-sale-in-islamabad-8505833
Toyota C-HR  2018 G-LED,Call,Islamabad,2018,39647,Hybrid,1800 ,Automatic,pakwheels.com/used-cars/toyota-c-hr-2018-for-sale-in-islamabad-8472565
Toyota Fortuner  2022 Legender ,176000000,Rawalpindi,2022,41710,Diesel,2800 ,Automatic,pakwheels.com/used-cars/toyota-fortuner-2022-for-sale-in-rawalpindi-9283278
Toyota Yaris Hatchback  2021 ,43500000,Karachi,2021,33508,Petrol,1000 ,Automatic,pakwheels.com/used-cars/toyota-yaris-hatchback-2021-for-sale-in-karachi-9263439
Toyota Prius  2020 A Premium Touring Selection,105000000,Faisalabad,2020,55677,Hybrid,1800 ,Automatic,pakwheels.com/used-cars/toyota-prius-2020-for-sale-in-faisalabad-8509395
Toyota Corolla  2022 Altis Grande X CVT-i 1.8 Beige Interior,65500000,Karachi,2022,22395,Petrol,1800 ,Automatic,pakwheels.com/used-cars/toyota-corolla-2022-for-sale-in-karachi-9301096
Toyota Fortuner  2022 Legender ,Call,Karachi,2022,43690,Petrol,2700 ,Automatic,pakwheels.com/used-cars/toyota-fortuner-2022-for-sale-in-karachi-9099140
Toyota Sienta  2020 G,65500000,Islamabad,2020,133291,Petrol,1500 ,Automatic,pakwheels.com/used-cars/toyota-sienta-2020-for-sale-in-islamabad-8794464
Toyota Fortuner  2021 Legender ,Call,Karachi,2021,24503,Diesel,2800 ,Automatic,pakwheels.com/used-cars/toyota-fortuner-2021-for-sale-in-karachi-9032993
Toyota Passo  2021 Moda G,45500000,Karachi,2021,43434,Petrol,1000 ,Automatic,pakwheels.com/used-cars/toyota-passo-2021-for-sale-in-karachi-9305819
Toyota C-HR  2019 G Nero,827500000,Karachi,2019,114137,Hybrid,1800 ,Automatic,pakwheels.com/used-cars/toyota-c-hr-2019-for-sale-in-karachi-9324646
Toyota Corolla Hybrid  2020 ,Call,Islamabad,2020,38381,Hybrid,1800 ,Automatic,pakwheels.com/used-cars/toyota-corolla-hybrid-2020-for-sale-in-islamabad-8353492
Toyota Prius  2020 S,Call,Islamabad,2020,82283,Hybrid,1800 ,Automatic,pakwheels.com/used-cars/toyota-prius-2020-for-sale-in-islamabad-8505833
Toyota C-HR  2018 G-LED,Call,Islamabad,2018,39647,Hybrid,1800 ,Automatic,pakwheels.com/used-cars/toyota-c-hr-2018-for-sale-in-islamabad-8472565
Toyota Fortuner  2022 Legender ,176000000,Rawalpindi,2022,41710,Diesel,2800 ,Automatic,pakwheels.com/used-cars/toyota-fortuner-2022-for-sale-in-rawalpindi-9283278
Toyota Corolla  2022 Altis 1.6 X CVT-i Special Edition,64500000,Faisalabad,2022,19921,Petrol,1600 ,Automatic,pakwheels.com/used-cars/toyota-corolla-2022-for-sale-in-faisalabad-9218756
Toyota Passo  2021 X L Package S ,399500000,Lahore,2021,27782,Petrol,1000 ,Automatic,pakwheels.com/used-cars/toyota-passo-2021-for-sale-in-lahore-9238801
Toyota Prado  2017 TX 2.7,23000000,Lahore,2017,23666,Petrol,2700 ,Automatic,pakwheels.com/used-cars/toyota-prado-2017-for-sale-in-lahore-9211520
Toyota Passo  2021 X,4000000,Gujranwala,2021,40698,Petrol,1000 ,Automatic,pakwheels.com/used-cars/toyota-passo-2021-for-sale-in-gujranwala-9302147
Toyota Fortuner  2021 2.8 Sigma 4,148000000,Faisalabad,2021,68614,Diesel,2800 ,Automatic,pakwheels.com/used-cars/toyota-fortuner-2021-for-sale-in-faisalabad-9321467
Toyota Fortuner  2018 2.8 Sigma 4,14000000,Islamabad,2018,95735,Diesel,2800 ,Automatic,pakwheels.com/used-cars/toyota-fortuner-2018-for-sale-in-islamabad-9170941
Toyota Yaris Hatchback  2020 G 1.0,56500000,Karachi,2020,32816,Petrol,996 ,Automatic,pakwheels.com/used-cars/toyota-yaris-hatchback-2020-for-sale-in-karachi-9120376
Toyota Yaris Hatchback  2021 ,43500000,Karachi,2021,33508,Petrol,1000 ,Automatic,pakwheels.com/used-cars/toyota-yaris-hatchback-2021-for-sale-in-karachi-9263439
Toyota Prius  2020 PHV (Plug In Hybrid),13000000,Gujranwala,2020,12603,Hybrid,1800 ,Automatic,pakwheels.com/used-cars/toyota-prius-2020-for-sale-in-gujranwala-9280111
Toyota Corolla  2021 Altis X Automatic 1.6,57800000,Karachi,2021,42392,Petrol,1598 ,Automatic,pakwheels.com/used-cars/toyota-corolla-2021-for-sale-in-karachi-9315193
Toyota Prado  2021 TX L Package 2.7,377000000,Karachi,2021,19970,Petrol,2700 ,Automatic,pakwheels.com/used-cars/toyota-prado-2021-for-sale-in-karachi-9315121
Toyota Yaris  2021 ATIV X CVT 1.5,4700000,Karachi,2021,48342,Petrol,1500 ,Automatic,pakwheels.com/used-cars/toyota-yaris-2021-for-sale-in-karachi-9315106
Toyota Prius  2020 A Premium Touring Selection,105000000,Faisalabad,2020,55677,Hybrid,1800 ,Automatic,pakwheels.com/used-cars/toyota-prius-2020-for-sale-in-faisalabad-8509395
Toyota Raize  2019 ,5500000,Lahore,2019,59231,Petrol,1000 ,Automatic,pakwheels.com/used-cars/toyota-raize-2019-for-sale-in-lahore-9282836
Toyota Crown  2022 RS Advance,415000000,Islamabad,2022,7197,Hybrid,2500 ,Automatic,pakwheels.com/used-cars/toyota-crown-2022-for-sale-in-islamabad-9118641
Toyota Corolla  2022 Altis Grande X CVT-i 1.8 Beige Interior,65500000,Karachi,2022,22395,Petrol,1800 ,Automatic,pakwheels.com/used-cars/toyota-corolla-2022-for-sale-in-karachi-9301096
Toyota Passo  2015 X L Package,3000000,Karachi,2015,59122,Petrol,1000 ,Automatic,pakwheels.com/used-cars/toyota-passo-2015-for-sale-in-karachi-9292111
Toyota Fortuner  2022 Legender ,Call,Karachi,2022,43690,Petrol,2700 ,Automatic,pakwheels.com/used-cars/toyota-fortuner-2022-for-sale-in-karachi-9099140
Toyota Land Cruiser  2012 ZX,3000000,Lahore,2012,51373,Petrol,4600 ,Automatic,pakwheels.com/used-cars/toyota-land-cruiser-2012-for-sale-in-lahore-9238730
Toyota Corolla  2022 Altis X Automatic 1.6 Special Edition,6400000,Lahore,2022,36824,Petrol,1598 ,Automatic,pakwheels.com/used-cars/toyota-corolla-2022-for-sale-in-lahore-9274477
Toyota Yaris Hatchback  2022 G 1.0,4400000,Lahore,2022,90690,Petrol,996 ,Automatic,pakwheels.com/used-cars/toyota-yaris-hatchback-2022-for-sale-in-lahore-9255020
Toyota C-HR  2019 G-LED,8400000,Gujranwala,2019,49546,Hybrid,1800 ,Automatic,pakwheels.com/used-cars/toyota-c-hr-2019-for-sale-in-gujranwala-9223104
Toyota Prado  2021 TX Limited 2.7,375000000,Islamabad,2021,47576,Petrol,2700 ,Automatic,pakwheels.com/used-cars/toyota-prado-2021-for-sale-in-islamabad-9242360
Toyota Passo  2023 X,4300000,Lahore,2023,4596,Petrol,1000 ,Automatic,pakwheels.com/used-cars/toyota-passo-2023-for-sale-in-lahore-9302421
Toyota Corolla  2022 Altis Grande X CVT-i 1.8 Beige Interior,6500000,Karachi,2022,25996,Petrol,1800 ,Automatic,pakwheels.com/used-cars/toyota-corolla-2022-for-sale-in-karachi-9302434
Toyota Raize  2020 Z,6200000,Karachi,2020,19864,Petrol,1000 ,Automatic,pakwheels.com/used-cars/toyota-raize-2020-for-sale-in-karachi-9295535
Toyota Sienta  2020 G,65500000,Islamabad,2020,133291,Petrol,1500 ,Automatic,pakwheels.com/used-cars/toyota-sienta-2020-for-sale-in-islamabad-8794464
Toyota Prius  2021 S,9100000,Karachi,2021,35081,Hybrid,1800 ,Automatic,pakwheels.com/used-cars/toyota-prius-2021-for-sale-in-karachi-9228054
Toyota Fortuner  2021 Legender ,Call,Karachi,2021,24503,Diesel,2800 ,Automatic,pakwheels.com/used-cars/toyota-fortuner-2021-for-sale-in-karachi-9032993
Toyota Corolla  2017 GLi Automatic 1.3 VVTi,4300000,Karachi,2017,25296,Petrol,1300 ,Automatic,pakwheels.com/used-cars/toyota-corolla-2017-for-sale-in-karachi-9295801
Toyota Corolla Cross  2024 1.8 HEV X,106000000,Islamabad,2024,6550,Hybrid,1800 ,Automatic,pakwheels.com/used-cars/toyota-corolla-cross-2024-for-sale-in-islamabad-9291371
name,price,city,production_year,km_driven,engine_type,horsepower,transmission,link
Toyota Crown  2017 Athlete S Package,225000000,Islamabad,2017,32203,Petrol,3500 ,Automatic,pakwheels.com/used-cars/toyota-crown-2017-for-sale-in-islamabad-9247391
Toyota Vitz  2020 ,4600000,Islamabad,2020,86358,Petrol,1000 ,Automatic,pakwheels.com/used-cars/toyota-vitz-2020-for-sale-in-islamabad-9247383
Toyota Prius  2023 1.8 U Hybrid,16000000,Islamabad,2023,14496,Hybrid,1800 ,Automatic,pakwheels.com/used-cars/toyota-prius-2023-for-sale-in-islamabad-9217629
Toyota Yaris  2023 ATIV CVT 1.3,5200000,Islamabad,2023,3273,Petrol,1300 ,Automatic,pakwheels.com/used-cars/toyota-yaris-2023-for-sale-in-islamabad-9233929
Toyota Corolla  2022 Altis X Automatic 1.6,6400000,Islamabad,2022,237,Petrol,1598 ,Automatic,pakwheels.com/used-cars/toyota-corolla-2022-for-sale-in-islamabad-9202901
Toyota Corolla  2021 Altis Grande X CVT-i 1.8 Black Interior,6500000,Islamabad,2021,45115,Petrol,1800 ,Automatic,pakwheels.com/used-cars/toyota-corolla-2021-for-sale-in-islamabad-9197938
Toyota Prius  2021 S Touring Selection,8800000,Karachi,2021,41037,Hybrid,1800 ,Automatic,pakwheels.com/used-cars/toyota-prius-2021-for-sale-in-karachi-9298330
Toyota Sienta  2018 G,63500000,Karachi,2018,111407,Petrol,1500 ,Automatic,pakwheels.com/used-cars/toyota-sienta-2018-for-sale-in-karachi-9166808
Toyota Fortuner  2022 Legender ,176000000,Faisalabad,2022,40391,Diesel,2800 ,Automatic,pakwheels.com/used-cars/toyota-fortuner-2022-for-sale-in-faisalabad-9181609
Toyota Fortuner  2020 2.8 Sigma 4,135000000,Lahore,2020,86955,Diesel,2800 ,Automatic,pakwheels.com/used-cars/toyota-fortuner-2020-for-sale-in-lahore-9195387
Toyota Fortuner  2022 Legender ,175000000,Lahore,2022,20599,Diesel,2800 ,Automatic,pakwheels.com/used-cars/toyota-fortuner-2022-for-sale-in-lahore-9153876
Toyota Yaris Hatchback  2021 X,5000000,Lahore,2021,15721,Petrol,1000 ,Automatic,pakwheels.com/used-cars/toyota-yaris-hatchback-2021-for-sale-in-lahore-9150592
Toyota Fortuner  2021 2.7 V,14000000,Lahore,2021,31536,Petrol,2700 ,Automatic,pakwheels.com/used-cars/toyota-fortuner-2021-for-sale-in-lahore-9283914
Toyota Passo  2022 Moda,4400000,Lahore,2022,18077,Petrol,1000 ,Automatic,pakwheels.com/used-cars/toyota-passo-2022-for-sale-in-lahore-9255002
Toyota C-HR  2019 G-LED,9500000,Lahore,2019,87244,Hybrid,1800 ,Automatic,pakwheels.com/used-cars/toyota-c-hr-2019-for-sale-in-lahore-9261049
Toyota Yaris Hatchback  2022 X,5500000,Karachi,2022,16820,Petrol,1000 ,Automatic,pakwheels.com/used-cars/toyota-yaris-hatchback-2022-for-sale-in-karachi-9280693
Toyota Passo  2018 X L Package S ,353500000,Karachi,2018,69430,Petrol,1000 ,Automatic,pakwheels.com/used-cars/toyota-passo-2018-for-sale-in-karachi-9208152
Toyota Corolla Axio  2015 X 1.5,4900000,Karachi,2015,124859,Petrol,1500 ,Automatic,pakwheels.com/used-cars/toyota-corolla-axio-2015-for-sale-in-karachi-9213852
Toyota Corolla  2023 Altis 1.6 X CVT-i Special Edition,7300000,Lahore,2023,16471,Petrol,1600 ,Automatic,pakwheels.com/used-cars/toyota-corolla-2023-for-sale-in-lahore-9277259
Toyota Corolla  2022 Altis X Automatic 1.6 Special Edition,6400000,Karachi,2022,8380,Petrol,1598 ,Automatic,pakwheels.com/used-cars/toyota-corolla-2022-for-sale-in-karachi-9277140
Toyota Passo  2021 X,44500000,Karachi,2021,35097,Petrol,1000 ,Automatic,pakwheels.com/used-cars/toyota-passo-2021-for-sale-in-karachi-9274172
Toyota Raize  2020 Z,6400000,Karachi,2020,40383,Petrol,1000 ,Automatic,pakwheels.com/used-cars/toyota-raize-2020-for-sale-in-karachi-9272634
Toyota C-HR  2019 G-LED,8900000,Karachi,2019,60590,Hybrid,1800 ,Automatic,pakwheels.com/used-cars/toyota-c-hr-2019-for-sale-in-karachi-9173711
Toyota C-HR  2019 G-LED,102000000,Karachi,2019,20348,Hybrid,1800 ,Automatic,pakwheels.com/used-cars/toyota-c-hr-2019-for-sale-in-karachi-9185112
Toyota Prado  2018 TX Limited 2.7,279000000,Islamabad,2018,50135,Petrol,2700 ,Automatic,pakwheels.com/used-cars/toyota-prado-2018-for-sale-in-islamabad-8982823
Toyota Land Cruiser  2018 ZX,49000000,Karachi,2018,54139,Petrol,4600 ,Automatic,pakwheels.com/used-cars/toyota-land-cruiser-2018-for-sale-in-karachi-7817652
Toyota C-HR  2019 G-LED,87900000,Lahore,2019,70310,Hybrid,1800 ,Automatic,pakwheels.com/used-cars/toyota-c-hr-2019-for-sale-in-lahore-9071171
Toyota Hilux  2022 Revo Rocco,141000000,Rawalpindi,2022,33267,Diesel,2800 ,Automatic,pakwheels.com/used-cars/toyota-hilux-2022-for-sale-in-rawalpindi-9283207
Toyota Raize  2020 Z,6100000,Karachi,2020,23052,Petrol,1000 ,Automatic,pakwheels.com/used-cars/toyota-raize-2020-for-sale-in-karachi-8863452
Toyota Prado  2018 TX 2.7,238000000,Karachi,2018,34037,Petrol,2700 ,Automatic,pakwheels.com/used-cars/toyota-prado-2018-for-sale-in-karachi-8364224
Toyota Corolla  2022 Hybrid WxB,8300000,Multan,2022,11263,Hybrid,1800 ,Automatic,pakwheels.com/used-cars/toyota-corolla-2022-for-sale-in-multan-9154099
Toyota C-HR  2019 G-LED,9600000,Karachi,2019,41005,Hybrid,1800 ,Automatic,pakwheels.com/used-cars/toyota-c-hr-2019-for-sale-in-karachi-9050053
Toyota Fortuner  2022 2.8 Sigma 4,165000000,Karachi,2022,18249,Diesel,2800 ,Automatic,pakwheels.com/used-cars/toyota-fortuner-2022-for-sale-in-karachi-9103614
Toyota C-HR  2018 G,Call,Islamabad,2018,63770,Hybrid,1800 ,Automatic,pakwheels.com/used-cars/toyota-c-hr-2018-for-sale-in-islamabad-9234765
Toyota Harrier  2020 Z Leather Package,258000000,Islamabad,2020,24000,Hybrid,2500 ,Automatic,pakwheels.com/used-cars/toyota-harrier-2020-for-sale-in-islamabad-7602744
Toyota Crown  2017 Athlete S Package,225000000,Islamabad,2017,32203,Petrol,3500 ,Automatic,pakwheels.com/used-cars/toyota-crown-2017-for-sale-in-islamabad-9247391
Toyota Vitz  2020 ,4600000,Islamabad,2020,86358,Petrol,1000 ,Automatic,pakwheels.com/used-cars/toyota-vitz-2020-for-sale-in-islamabad-9247383
Toyota Prius  2023 1.8 U Hybrid,16000000,Islamabad,2023,14496,Hybrid,1800 ,Automatic,pakwheels.com/used-cars/toyota-prius-2023-for-sale-in-islamabad-9217629
Toyota Yaris  2023 ATIV CVT 1.3,5200000,Islamabad,2023,3273,Petrol,1300 ,Automatic,pakwheels.com/used-cars/toyota-yaris-2023-for-sale-in-islamabad-9233929
Toyota Corolla  2022 Altis X Automatic 1.6,6400000,Islamabad,2022,237,Petrol,1598 ,Automatic,pakwheels.com/used-cars/toyota-corolla-2022-for-sale-in-islamabad-9202901
Toyota Corolla  2021 Altis Grande X CVT-i 1.8 Black Interior,6500000,Islamabad,2021,45115,Petrol,1800 ,Automatic,pakwheels.com/used-cars/toyota-corolla-2021-for-sale-in-islamabad-9197938
Toyota Prius  2021 S Touring Selection,8800000,Karachi,2021,41037,Hybrid,1800 ,Automatic,pakwheels.com/used-cars/toyota-prius-2021-for-sale-in-karachi-9298330
Toyota Sienta  2018 G,63500000,Karachi,2018,111407,Petrol,1500 ,Automatic,pakwheels.com/used-cars/toyota-sienta-2018-for-sale-in-karachi-9166808
Toyota Fortuner  2022 Legender ,176000000,Faisalabad,2022,40391,Diesel,2800 ,Automatic,pakwheels.com/used-cars/toyota-fortuner-2022-for-sale-in-faisalabad-9181609
Toyota Fortuner  2020 2.8 Sigma 4,135000000,Lahore,2020,86955,Diesel,2800 ,Automatic,pakwheels.com/used-cars/toyota-fortuner-2020-for-sale-in-lahore-9195387
Toyota Fortuner  2022 Legender ,175000000,Lahore,2022,20599,Diesel,2800 ,Automatic,pakwheels.com/used-cars/toyota-fortuner-2022-for-sale-in-lahore-9153876
Toyota Yaris Hatchback  2021 X,5000000,Lahore,2021,15721,Petrol,1000 ,Automatic,pakwheels.com/used-cars/toyota-yaris-hatchback-2021-for-sale-in-lahore-9150592
Toyota Prado  2018 TX Limited 2.7,279000000,Islamabad,2018,50135,Petrol,2700 ,Automatic,pakwheels.com/used-cars/toyota-prado-2018-for-sale-in-islamabad-8982823
Toyota Land Cruiser  2018 ZX,49000000,Karachi,2018,54139,Petrol,4600 ,Automatic,pakwheels.com/used-cars/toyota-land-cruiser-2018-for-sale-in-karachi-7817652
Toyota C-HR  2019 G-LED,87900000,Lahore,2019,70310,Hybrid,1800 ,Automatic,pakwheels.com/used-cars/toyota-c-hr-2019-for-sale-in-lahore-9071171
Toyota Hilux  2022 Revo Rocco,141000000,Rawalpindi,2022,33267,Diesel,2800 ,Automatic,pakwheels.com/used-cars/toyota-hilux-2022-for-sale-in-rawalpindi-9283207
Toyota Passo  2021 Moda G,4300000,Rawalpindi,2021,26766,Petrol,1000 ,Automatic,pakwheels.com/used-cars/toyota-passo-2021-for-sale-in-rawalpindi-9077046
Toyota Raize  2020 Z,6100000,Karachi,2020,23052,Petrol,1000 ,Automatic,pakwheels.com/used-cars/toyota-raize-2020-for-sale-in-karachi-8863452
Toyota Prado  2018 TX 2.7,238000000,Karachi,2018,34037,Petrol,2700 ,Automatic,pakwheels.com/used-cars/toyota-prado-2018-for-sale-in-karachi-8364224
Toyota Fortuner  2021 2.7 V,14000000,Lahore,2021,31536,Petrol,2700 ,Automatic,pakwheels.com/used-cars/toyota-fortuner-2021-for-sale-in-lahore-9283914
Toyota Passo  2022 Moda,4400000,Lahore,2022,18077,Petrol,1000 ,Automatic,pakwheels.com/used-cars/toyota-passo-2022-for-sale-in-lahore-9255002
Toyota C-HR  2019 G-LED,9500000,Lahore,2019,87244,Hybrid,1800 ,Automatic,pakwheels.com/used-cars/toyota-c-hr-2019-for-sale-in-lahore-9261049
Toyota Corolla  2022 Hybrid WxB,8300000,Multan,2022,11263,Hybrid,1800 ,Automatic,pakwheels.com/used-cars/toyota-corolla-2022-for-sale-in-multan-9154099
Toyota Yaris Hatchback  2022 X,5500000,Karachi,2022,16820,Petrol,1000 ,Automatic,pakwheels.com/used-cars/toyota-yaris-hatchback-2022-for-sale-in-karachi-9280693
Toyota C-HR  2019 G-LED,9600000,Karachi,2019,41005,Hybrid,1800 ,Automatic,pakwheels.com/used-cars/toyota-c-hr-2019-for-sale-in-karachi-9050053
Toyota Passo  2018 X L Package S ,353500000,Karachi,2018,69430,Petrol,1000 ,Automatic,pakwheels.com/used-cars/toyota-passo-2018-for-sale-in-karachi-9208152
Toyota Fortuner  2022 2.8 Sigma 4,165000000,Karachi,2022,18249,Diesel,2800 ,Automatic,pakwheels.com/used-cars/toyota-fortuner-2022-for-sale-in-karachi-9103614
Toyota Corolla Axio  2015 X 1.5,4900000,Karachi,2015,124859,Petrol,1500 ,Automatic,pakwheels.com/used-cars/toyota-corolla-axio-2015-for-sale-in-karachi-9213852
Toyota Corolla  2023 Altis 1.6 X CVT-i Special Edition,7300000,Lahore,2023,16471,Petrol,1600 ,Automatic,pakwheels.com/used-cars/toyota-corolla-2023-for-sale-in-lahore-9277259
Toyota Corolla  2022 Altis X Automatic 1.6 Special Edition,6400000,Karachi,2022,8380,Petrol,1598 ,Automatic,pakwheels.com/used-cars/toyota-corolla-2022-for-sale-in-karachi-9277140
Toyota Passo  2021 X,44500000,Karachi,2021,35097,Petrol,1000 ,Automatic,pakwheels.com/used-cars/toyota-passo-2021-for-sale-in-karachi-9274172
Toyota C-HR  2018 G,Call,Islamabad,2018,63770,Hybrid,1800 ,Automatic,pakwheels.com/used-cars/toyota-c-hr-2018-for-sale-in-islamabad-9234765
Toyota Raize  2020 Z,6400000,Karachi,2020,40383,Petrol,1000 ,Automatic,pakwheels.com/used-cars/toyota-raize-2020-for-sale-in-karachi-9272634
Toyota Raize  2020 Z,6300000,Karachi,2020,30363,Petrol,1000 ,Automatic,pakwheels.com/used-cars/toyota-raize-2020-for-sale-in-karachi-9267014
Toyota C-HR  2019 G-LED,8900000,Karachi,2019,60590,Hybrid,1800 ,Automatic,pakwheels.com/used-cars/toyota-c-hr-2019-for-sale-in-karachi-9173711
Toyota C-HR  2019 G-LED,102000000,Karachi,2019,20348,Hybrid,1800 ,Automatic,pakwheels.com/used-cars/toyota-c-hr-2019-for-sale-in-karachi-9185112
Toyota Harrier  2020 Z Leather Package,258000000,Islamabad,2020,24000,Hybrid,2500 ,Automatic,pakwheels.com/used-cars/toyota-harrier-2020-for-sale-in-islamabad-7602744
name,price,city,production_year,km_driven,engine_type,horsepower,transmission,link
Toyota Raize  2019 Z,63500000,Karachi,2019,38631,Petrol,1000 ,Automatic,pakwheels.com/used-cars/toyota-raize-2019-for-sale-in-karachi-9201778
Toyota C-HR  2017 G-LED,7500000,Karachi,2017,60554,Hybrid,1800 ,Automatic,pakwheels.com/used-cars/toyota-c-hr-2017-for-sale-in-karachi-9214058
Toyota Yaris  2023 AERO CVT 1.5,54900000,Lahore,2023,11192,Petrol,1500 ,Automatic,pakwheels.com/used-cars/toyota-yaris-2023-for-sale-in-lahore-9161108
Toyota Corolla  2019 XLi Automatic,4000000,Karachi,2019,48000,Petrol,1300 ,Automatic,pakwheels.com/used-cars/toyota-corolla-2019-for-sale-in-karachi-9157321
Toyota Hilux  2023 Revo V Automatic 2.8,166000000,Lahore,2023,22302,Diesel,2800 ,Automatic,pakwheels.com/used-cars/toyota-hilux-2023-for-sale-in-lahore-9178148
Toyota Prius  2021 S,115000000,Lahore,2021,24106,Hybrid,1800 ,Automatic,pakwheels.com/used-cars/toyota-prius-2021-for-sale-in-lahore-9274178
Toyota Raize  2020 Z,6600000,Karachi,2020,23256,Petrol,1000 ,Automatic,pakwheels.com/used-cars/toyota-raize-2020-for-sale-in-karachi-9154507
Toyota Yaris  2021 ATIV X CVT 1.5,4900000,Karachi,2021,13793,Petrol,1500 ,Automatic,pakwheels.com/used-cars/toyota-yaris-2021-for-sale-in-karachi-9171591
Toyota Yaris  2022 ATIV X CVT 1.5,54500000,Lahore,2022,17063,Petrol,1500 ,Automatic,pakwheels.com/used-cars/toyota-yaris-2022-for-sale-in-lahore-9112211
Toyota Yaris Hatchback  2020 G 1.0,4300000,Karachi,2020,63742,Petrol,996 ,Automatic,pakwheels.com/used-cars/toyota-yaris-hatchback-2020-for-sale-in-karachi-9181645
Toyota Crown  2023 RS Crossover,475000000,Lahore,2023,3230,Hybrid,2400 ,Automatic,pakwheels.com/used-cars/toyota-crown-2023-for-sale-in-lahore-9153435
Toyota Yaris  2023 ATIV X CVT 1.5,5700000,Karachi,2023,16558,Petrol,1500 ,Automatic,pakwheels.com/used-cars/toyota-yaris-2023-for-sale-in-karachi-9147093
Toyota Fortuner  2021 2.7 V,142000000,Rawalpindi,2021,45859,Petrol,2700 ,Automatic,pakwheels.com/used-cars/toyota-fortuner-2021-for-sale-in-rawalpindi-9265152
Toyota Land Cruiser  2017 ZX,45000000,Islamabad,2017,77102,Petrol,4600 ,Automatic,pakwheels.com/used-cars/toyota-land-cruiser-2017-for-sale-in-islamabad-9265060
Toyota Corolla  2021 Altis X Automatic 1.6,5400000,Karachi,2021,41124,Petrol,1598 ,Automatic,pakwheels.com/used-cars/toyota-corolla-2021-for-sale-in-karachi-9223031
Toyota Corolla  2022 Altis X Automatic 1.6 Special Edition,63500000,Lahore,2022,42669,Petrol,1598 ,Automatic,pakwheels.com/used-cars/toyota-corolla-2022-for-sale-in-lahore-9151023
Toyota Corolla  2019 Altis Automatic 1.6,4800000,Karachi,2019,96738,Petrol,1600 ,Automatic,pakwheels.com/used-cars/toyota-corolla-2019-for-sale-in-karachi-9254675
Toyota Land Cruiser  2019 ZX,5000000,Karachi,2019,29674,Petrol,4600 ,Automatic,pakwheels.com/used-cars/toyota-land-cruiser-2019-for-sale-in-karachi-9254366
Toyota Corolla  2021 Altis Grande X CVT-i 1.8 Beige Interior,6500000,Karachi,2021,39514,Petrol,1800 ,Automatic,pakwheels.com/used-cars/toyota-corolla-2021-for-sale-in-karachi-9250396
Toyota Fortuner  2023 GR-S,215000000,Lahore,2023,11877,Diesel,2800 ,Automatic,pakwheels.com/used-cars/toyota-fortuner-2023-for-sale-in-lahore-9234362
Toyota C-HR  2018 G-LED,8200000,Karachi,2018,82386,Hybrid,1800 ,Automatic,pakwheels.com/used-cars/toyota-c-hr-2018-for-sale-in-karachi-9223475
Toyota Fortuner  2021 2.7 VVTi,13000000,Karachi,2021,56901,Petrol,2700 ,Automatic,pakwheels.com/used-cars/toyota-fortuner-2021-for-sale-in-karachi-9246796
Toyota Yaris  2022 ATIV CVT 1.3,4500000,Karachi,2022,35162,Petrol,1300 ,Automatic,pakwheels.com/used-cars/toyota-yaris-2022-for-sale-in-karachi-9189920
Toyota Prius  2023 1.8 U Hybrid,13000000,Karachi,2023,13823,Hybrid,1800 ,Automatic,pakwheels.com/used-cars/toyota-prius-2023-for-sale-in-karachi-9194180
Toyota Yaris Hatchback  2021 G 1.0,4300000,Karachi,2021,97410,Petrol,996 ,Automatic,pakwheels.com/used-cars/toyota-yaris-hatchback-2021-for-sale-in-karachi-9239217
Toyota Yaris  2021 ATIV CVT 1.3,41500000,Karachi,2021,80172,Petrol,1300 ,Automatic,pakwheels.com/used-cars/toyota-yaris-2021-for-sale-in-karachi-9186150
Toyota Fortuner  2018 2.7 VVTi,103000000,Karachi,2018,37066,Petrol,2700 ,Automatic,pakwheels.com/used-cars/toyota-fortuner-2018-for-sale-in-karachi-9230658
Toyota Hilux  2020 Revo V Automatic 2.8,Call,Karachi,2020,25563,Diesel,2800 ,Automatic,pakwheels.com/used-cars/toyota-hilux-2020-for-sale-in-karachi-9239894
Toyota Raize  2019 Z,63500000,Karachi,2019,38631,Petrol,1000 ,Automatic,pakwheels.com/used-cars/toyota-raize-2019-for-sale-in-karachi-9201778
Toyota C-HR  2017 G-LED,7500000,Karachi,2017,60554,Hybrid,1800 ,Automatic,pakwheels.com/used-cars/toyota-c-hr-2017-for-sale-in-karachi-9214058
Toyota Yaris  2023 AERO CVT 1.5,54900000,Lahore,2023,11192,Petrol,1500 ,Automatic,pakwheels.com/used-cars/toyota-yaris-2023-for-sale-in-lahore-9161108
Toyota Corolla  2019 XLi Automatic,4000000,Karachi,2019,48000,Petrol,1300 ,Automatic,pakwheels.com/used-cars/toyota-corolla-2019-for-sale-in-karachi-9157321
Toyota Hilux  2023 Revo V Automatic 2.8,166000000,Lahore,2023,22302,Diesel,2800 ,Automatic,pakwheels.com/used-cars/toyota-hilux-2023-for-sale-in-lahore-9178148
Toyota Prius  2021 S,115000000,Lahore,2021,24106,Hybrid,1800 ,Automatic,pakwheels.com/used-cars/toyota-prius-2021-for-sale-in-lahore-9274178
Toyota Raize  2020 Z,6600000,Karachi,2020,23256,Petrol,1000 ,Automatic,pakwheels.com/used-cars/toyota-raize-2020-for-sale-in-karachi-9154507
Toyota Yaris  2021 ATIV X CVT 1.5,4900000,Karachi,2021,13793,Petrol,1500 ,Automatic,pakwheels.com/used-cars/toyota-yaris-2021-for-sale-in-karachi-9171591
Toyota Yaris  2022 ATIV X CVT 1.5,54500000,Lahore,2022,17063,Petrol,1500 ,Automatic,pakwheels.com/used-cars/toyota-yaris-2022-for-sale-in-lahore-9112211
Toyota Yaris Hatchback  2020 G 1.0,4300000,Karachi,2020,63742,Petrol,996 ,Automatic,pakwheels.com/used-cars/toyota-yaris-hatchback-2020-for-sale-in-karachi-9181645
Toyota Crown  2023 RS Crossover,475000000,Lahore,2023,3230,Hybrid,2400 ,Automatic,pakwheels.com/used-cars/toyota-crown-2023-for-sale-in-lahore-9153435
Toyota Yaris  2023 ATIV X CVT 1.5,5700000,Karachi,2023,16558,Petrol,1500 ,Automatic,pakwheels.com/used-cars/toyota-yaris-2023-for-sale-in-karachi-9147093
Toyota Fortuner  2021 2.7 V,142000000,Rawalpindi,2021,45859,Petrol,2700 ,Automatic,pakwheels.com/used-cars/toyota-fortuner-2021-for-sale-in-rawalpindi-9265152
Toyota Yaris Hatchback  2020 Hybrid Z,668500000,Islamabad,2020,36000,Hybrid,1500 ,Automatic,pakwheels.com/used-cars/toyota-yaris-hatchback-2020-for-sale-in-islamabad-8782612
Toyota Land Cruiser  2017 ZX,45000000,Islamabad,2017,77102,Petrol,4600 ,Automatic,pakwheels.com/used-cars/toyota-land-cruiser-2017-for-sale-in-islamabad-9265060
Toyota Corolla  2021 Altis X Automatic 1.6,5400000,Karachi,2021,41124,Petrol,1598 ,Automatic,pakwheels.com/used-cars/toyota-corolla-2021-for-sale-in-karachi-9223031
Toyota Land Cruiser  2018 ZX,455000000,Islamabad,2018,19242,Petrol,4600 ,Automatic,pakwheels.com/used-cars/toyota-land-cruiser-2018-for-sale-in-islamabad-9177485
Toyota Corolla  2022 Altis X Automatic 1.6 Special Edition,63500000,Lahore,2022,42669,Petrol,1598 ,Automatic,pakwheels.com/used-cars/toyota-corolla-2022-for-sale-in-lahore-9151023
Toyota Corolla  2019 Altis Automatic 1.6,4800000,Karachi,2019,96738,Petrol,1600 ,Automatic,pakwheels.com/used-cars/toyota-corolla-2019-for-sale-in-karachi-9254675
Toyota Land Cruiser  2019 ZX,5000000,Karachi,2019,29674,Petrol,4600 ,Automatic,pakwheels.com/used-cars/toyota-land-cruiser-2019-for-sale-in-karachi-9254366
Toyota Corolla  2021 Altis Grande X CVT-i 1.8 Beige Interior,6500000,Karachi,2021,39514,Petrol,1800 ,Automatic,pakwheels.com/used-cars/toyota-corolla-2021-for-sale-in-karachi-9250396
Toyota Fortuner  2023 GR-S,215000000,Lahore,2023,11877,Diesel,2800 ,Automatic,pakwheels.com/used-cars/toyota-fortuner-2023-for-sale-in-lahore-9234362
Toyota C-HR  2018 G-LED,8200000,Karachi,2018,82386,Hybrid,1800 ,Automatic,pakwheels.com/used-cars/toyota-c-hr-2018-for-sale-in-karachi-9223475
Toyota Fortuner  2021 2.7 VVTi,13000000,Karachi,2021,56901,Petrol,2700 ,Automatic,pakwheels.com/used-cars/toyota-fortuner-2021-for-sale-in-karachi-9246796
Toyota Yaris  2022 ATIV CVT 1.3,4500000,Karachi,2022,35162,Petrol,1300 ,Automatic,pakwheels.com/used-cars/toyota-yaris-2022-for-sale-in-karachi-9189920
Toyota Prius  2023 1.8 U Hybrid,13000000,Karachi,2023,13823,Hybrid,1800 ,Automatic,pakwheels.com/used-cars/toyota-prius-2023-for-sale-in-karachi-9194180
Toyota Hilux  2020 Revo V Automatic 2.8,Call,Karachi,2020,25563,Diesel,2800 ,Automatic,pakwheels.com/used-cars/toyota-hilux-2020-for-sale-in-karachi-9239894
Toyota Yaris Hatchback  2021 G 1.0,4300000,Karachi,2021,97410,Petrol,996 ,Automatic,pakwheels.com/used-cars/toyota-yaris-hatchback-2021-for-sale-in-karachi-9239217
Toyota Yaris  2021 ATIV CVT 1.3,41500000,Karachi,2021,80172,Petrol,1300 ,Automatic,pakwheels.com/used-cars/toyota-yaris-2021-for-sale-in-karachi-9186150
Toyota Fortuner  2018 2.7 VVTi,103000000,Karachi,2018,37066,Petrol,2700 ,Automatic,pakwheels.com/used-cars/toyota-fortuner-2018-for-sale-in-karachi-9230658
